{
  "employees": [
  {
    "employee1": {
      "name": "Juan Perez",
      "age": "35",
      "position": "Senior Developer",
      "department": "Technology",
      "salary": "75000",
      "location": "Madrid, Spain",
    },
    {
    "employee2": {
      "name": "Maria Rodriguez",
      "age": "28",
      "position": "Graphic Designer",
      "department": "Design",
      "salary": "60000",
      "location": "Paris, France",
    },
    {
    "employee3": {
      "name": "Carlos Gomez",
      "age": "40",
      "position": "Project Manager",
      "department": "Project Management",
      "salary": "90000",
      "location": "Berlin, Germany",
    },
   }
  ]
 }